"CZ0000000856","ALPHA QUEST 4,5/21","BDAALPQU","2020/11/09",100.00         ,.00      ,100.00         ,98.50          ,101.50         ,0            ,.00                ,"2020/11/05","T","2","F",.00            ,.00            ,.00            ,1      
"AT0000730007","ANDRITZ           ","        ","2020/11/09",728.60         ,.00      ,728.60         ,665.00         ,922.50         ,0            ,.00                ,"2020/04/16","T","2","M",.00            ,.00            ,.00            ,1      
"CZ0003518656","APS FINAN. 5,00/23","BDAAPSFI","2020/11/09",96.00          ,.00      ,96.00          ,95.65          ,100.00         ,0            ,.00                ,"2020/10/29","T","2","F",.00            ,.00            ,.00            ,1      
"CZ0003501637","AQUAPALACE VAR/34 ","BDAGVALE","2020/11/09",100.00         ,.00      ,100.00         ,100.00         ,100.00         ,0            ,.00                ,"2009/03/25","U","2","F",.00            ,.00            ,.00            ,1      
"CZ0003519753","AQUILA RAF 5,00/23","BDAAQURE","2020/11/09",97.00          ,-1.52    ,98.50          ,88.00          ,100.00         ,92           ,899683.33          ,"2020/11/09","T","2","F",97.00          ,97.00          ,97.00          ,1      
"CZ0003522245","AQUILA RAF 5,25/22","BDAAQURF","2020/11/09",100.00         ,.00      ,100.00         ,95.00          ,102.00         ,0            ,.00                ,"2020/10/16","T","2","F",.00            ,.00            ,.00            ,1      
"CZ0008042900","ARCA CAP. CEE UIF ","BAAARCCA","2020/11/09",142500.00      ,.00      ,142500.00      ,99000.00       ,148000.00      ,0            ,.00                ,"2020/09/29","U","2","F",.00            ,.00            ,.00            ,1      
"NL0006311706","ARCONA PF NV      ","BAAARCPF","2020/11/09",184.00         ,.00      ,184.00         ,184.00         ,184.00         ,0            ,.00                ,"1900/01/01","U","2","F",.00            ,.00            ,.00            ,1      
"CZ0008042934","ASOLERO SICAV     ","BAAASOSI","2020/11/09",1.00           ,.00      ,1.00           ,.98            ,2.06           ,0            ,.00                ,"2020/08/28","U","2","F",.00            ,.00            ,.00            ,1      
"CZ0009004792","ATOMTRACE         ","BAAATOMT","2020/11/09",50.00          ,.00      ,50.00          ,50.00          ,50.00          ,0            ,.00                ,"1900/01/01","U","2","M",.00            ,.00            ,.00            ,2000   
"AT0000969985","ATS               ","        ","2020/11/09",467.60         ,.00      ,467.60         ,410.00         ,502.00         ,0            ,.00                ,"2020/10/08","T","2","M",.00            ,.00            ,.00            ,1      
"GB00BDD85M81","AVAST             ","        ","2020/11/09",137.20         ,-7.92    ,149.00         ,81.50          ,175.50         ,843732       ,118591888.80       ,"2020/11/09","T","2","O",136.30         ,151.45         ,150.50         ,1      
"CZ0003524589","BIGBOARD 5,55/25  ","BDCBIGBO","2020/11/09",100.00         ,.00      ,100.00         ,100.00         ,100.00         ,0            ,.00                ,"1900/01/01","U","2","F",.00            ,.00            ,.00            ,1      
"DE0005493092","BORUSSIA DORTMUND ","        ","2020/11/09",123.30         ,.00      ,123.30         ,119.40         ,245.20         ,0            ,.00                ,"2020/10/29","T","2","M",.00            ,.00            ,.00            ,1      
"CZ0008041381","BUDÌJOVICKÁ IFPZK ","BABBUDUZ","2020/11/09",16100.00       ,.00      ,16100.00       ,14900.00       ,16100.00       ,0            ,.00                ,"1900/01/01","U","2","F",.00            ,.00            ,.00            ,1      
"CZ0008042371","CENTR.GROUP UIF II","BAACENGT","2020/11/09",672500.00      ,.00      ,672500.00      ,484500.00      ,672500.00      ,0            ,.00                ,"2017/08/24","U","2","F",.00            ,.00            ,.00            ,1      
"CZ0008042496","COLBER PODF. I    ","BAACOLIN","2020/11/09",1160.00        ,.00      ,1160.00        ,1120.00        ,1160.00        ,0            ,.00                ,"1900/01/01","U","2","F",.00            ,.00            ,.00            ,1      
"CZ0008041985","COMES IFPZK       ","BAACOMIN","2020/11/09",57000.00       ,.00      ,57000.00       ,49400.00       ,57000.00       ,0            ,.00                ,"2018/01/22","U","2","F",.00            ,.00            ,.00            ,1      
"CZ0008042777","CONVENIO PIA SICAV","BABCONIG","2020/11/09",1.16           ,.00      ,1.16           ,1.10           ,1.16           ,0            ,.00                ,"1900/01/01","U","2","F",.00            ,.00            ,.00            ,1      
"CZ0008042264","CREAM SICAV       ","BAACRESI","2020/11/09",575.00         ,.00      ,575.00         ,480.00         ,575.00         ,0            ,.00                ,"1900/01/01","U","2","F",.00            ,.00            ,.00            ,1      
"CZ0003515405","CSG VAR/21        ","BDACZEGR","2020/11/09",99.50          ,.00      ,99.50          ,99.50          ,99.50          ,0            ,.00                ,"2019/10/24","U","2","F",.00            ,.00            ,.00            ,1      
"CZ0003523151","CSG VAR/24        ","BDDCZEGR","2020/11/09",100.00         ,.00      ,100.00         ,100.00         ,100.00         ,0            ,.00                ,"1900/01/01","U","2","F",.00            ,.00            ,.00            ,1      
"CZ0009008942","CZG               ","BAACZGCE","2020/11/09",284.00         ,-.70     ,286.00         ,284.00         ,354.00         ,7209         ,2082048.00         ,"2020/11/09","T","2","F",284.00         ,290.00         ,290.00         ,1      
"CZ0003515611","ÈD CARGO 1,26/23  ","BDFCDCAR","2020/11/09",100.00         ,.00      ,100.00         ,100.00         ,100.00         ,0            ,.00                ,"1900/01/01","U","2","F",.00            ,.00            ,.00            ,1      
"CZ0003519456","ÈD CARGO 2,55/25  ","BDGCDCAR","2020/11/09",100.00         ,.00      ,100.00         ,100.00         ,100.00         ,0            ,.00                ,"1900/01/01","U","2","F",.00            ,.00            ,.00            ,1      
"CZ0003515033","ÈEPS 0,25/21      ","BDACEPS ","2020/11/09",99.65          ,.00      ,99.65          ,99.65          ,99.65          ,0            ,.00                ,"2016/10/04","U","2","F",.00            ,.00            ,.00            ,1      
"CZ0005112300","ÈEZ               ","BAACEZ  ","2020/11/09",475.00         ,2.26     ,464.50         ,358.00         ,523.50         ,265203       ,125618321.50       ,"2020/11/09","T","2","O",466.00         ,477.50         ,466.00         ,1      
"CZ0008041787","ÈEZ OZ UIF        ","BAACEZOZ","2020/11/09",348.00         ,.00      ,348.00         ,340.00         ,348.00         ,0            ,.00                ,"2017/12/28","U","2","F",.00            ,.00            ,.00            ,1      
"CZ0003513533","È.ZBROJOVKA VAR/22","BDACEZBR","2020/11/09",100.00         ,.00      ,100.00         ,100.00         ,100.00         ,0            ,.00                ,"2016/09/23","U","2","F",.00            ,.00            ,.00            ,1      
"DE0005933931","DAX UCITS ETF     ","        ","2020/11/09",2506.00        ,.00      ,2506.00        ,2400.00        ,2714.00        ,0            ,.00                ,"2020/05/15","T","2","F",.00            ,.00            ,.00            ,1      
"CZ0008041944","DEKINVEST ALFA    ","BAADEKIF","2020/11/09",1470.00        ,.00      ,1470.00        ,1310.00        ,1470.00        ,0            ,.00                ,"2016/12/28","U","2","F",.00            ,.00            ,.00            ,1      
"CZ0003519365","DEKINVEST VAR/23  ","BDADEKIF","2020/11/09",100.00         ,.00      ,100.00         ,100.00         ,100.00         ,0            ,.00                ,"1900/01/01","U","2","F",.00            ,.00            ,.00            ,1      
"DE0005140008","DEUTSCHE BANK     ","        ","2020/11/09",235.50         ,2.88     ,228.90         ,125.92         ,255.00         ,596          ,137548.35          ,"2020/11/09","T","2","M",226.10         ,235.50         ,229.00         ,1      
"DE0005557508","DEUTSCHE TELEKOM  ","BAADETEL","2020/11/09",400.10         ,.00      ,400.10         ,294.10         ,408.00         ,0            ,.00                ,"2020/09/16","T","2","M",.00            ,.00            ,.00            ,1      
"CZ0003510851","DIAMOND 4,00/24   ","BDADIAPO","2020/11/09",100.00         ,.00      ,100.00         ,100.00         ,100.00         ,0            ,.00                ,"1900/01/01","U","2","F",.00            ,.00            ,.00            ,1      
"AT0000A1NG68","EB ADIDAS TL01    ","        ","2020/11/09",485.81         ,17.16    ,414.66         ,133.92         ,492.67         ,0            ,.00                ,"2020/09/22","E","2","F",.00            ,.00            ,432.96         ,1      
"AT0000A2BZS3","EB ADIDAS TS04    ","        ","2020/11/09",39.61          ,-65.08   ,113.42         ,33.22          ,430.40         ,600          ,23939.50           ,"2020/11/09","E","2","F",38.47          ,42.82          ,93.38          ,1      
"AT0000A2B6J9","EB AVAST BC01     ","        ","2020/11/09",998.34         ,-4.33    ,1043.48        ,618.47         ,1056.44        ,0            ,.00                ,"2020/10/30","E","2","F",.00            ,.00            ,1048.71        ,1      
"AT0000A2GKD6","EB BMW TL03       ","        ","2020/11/09",81.78          ,15.46    ,70.83          ,34.90          ,81.78          ,0            ,.00                ,"2020/11/04","E","2","F",.00            ,.00            ,72.78          ,1      
"AT0000A23G57","EB BMW TS02       ","        ","2020/11/09",59.76          ,-16.49   ,71.56          ,50.20          ,161.21         ,0            ,.00                ,"2020/10/29","E","2","F",.00            ,.00            ,69.03          ,1      
"AT0000A2GKG9","EB BMW TS04       ","        ","2020/11/09",10.59          ,-19.83   ,13.21          ,8.64           ,54.90          ,3000         ,32610.00           ,"2020/11/09","E","3","F",10.59          ,11.39          ,11.39          ,1      
"AT0000A20HK7","EB CBK TS03       ","        ","2020/11/09",23.97          ,-5.93    ,25.48          ,17.75          ,30.20          ,0            ,.00                ,"2018/11/08","E","2","F",.00            ,.00            ,25.18          ,1      
"AT0000A28CB0","EB CBK TS05       ","        ","2020/11/09",12.00          ,-10.78   ,13.45          ,6.17           ,17.52          ,0            ,.00                ,"1900/01/01","E","2","F",.00            ,.00            ,13.19          ,1      
"AT0000A1KC73","EB CEZ TL08       ","        ","2020/11/09",27.36          ,5.11     ,26.03          ,12.72          ,29.51          ,0            ,.00                ,"2020/07/17","E","2","F",.00            ,.00            ,26.56          ,1      
"AT0000A1KJZ5","EB CEZ TL09       ","        ","2020/11/09",30.99          ,4.52     ,29.65          ,16.28          ,33.01          ,0            ,.00                ,"2020/04/06","E","2","F",.00            ,.00            ,30.19          ,1      
"AT0000A2EMM8","EB CEZ TL11       ","        ","2020/11/09",22.23          ,6.41     ,20.89          ,16.70          ,23.56          ,0            ,.00                ,"2020/09/21","E","2","F",.00            ,.00            ,21.43          ,1      
"AT0000A21BE1","EB CEZ TS08       ","        ","2020/11/09",10.22          ,-11.90   ,11.60          ,9.61           ,26.72          ,0            ,.00                ,"2020/11/06","E","2","F",.00            ,.00            ,11.12          ,1      
"AT0000A2GLG7","EB DAIMLER TL03   ","        ","2020/11/09",86.84          ,8.67     ,79.91          ,33.49          ,86.84          ,0            ,.00                ,"2020/09/18","E","2","F",.00            ,.00            ,81.49          ,1      
"AT0000A20HL5","EB DAI TS02       ","        ","2020/11/09",52.78          ,-12.75   ,60.49          ,52.32          ,145.31         ,0            ,.00                ,"2020/07/21","E","2","F",.00            ,.00            ,58.39          ,1      
"AT0000A28CC8","EB DAI TS04       ","        ","2020/11/09",23.23          ,-24.53   ,30.78          ,23.18          ,113.82         ,0            ,.00                ,"2019/12/10","E","2","F",.00            ,.00            ,28.78          ,1      
"AT0000A2EHU1","EB DAX TL15       ","        ","2020/11/09",1578.96        ,12.13    ,1408.14        ,791.13         ,1605.50        ,0            ,.00                ,"2020/11/05","E","2","F",.00            ,.00            ,1443.34        ,1      
"AT0000A2KPU1","EB DAX TL16       ","        ","2020/11/09",1049.43        ,19.74    ,876.39         ,622.64         ,1049.43        ,0            ,.00                ,"2020/11/04","E","2","F",.00            ,.00            ,912.89         ,1      
"AT0000A19L31","EB DAX TS7        ","        ","2020/11/09",602.65         ,-23.40   ,786.74         ,523.79         ,2045.40        ,755          ,493264.45          ,"2020/11/09","E","2","F",594.35         ,739.93         ,741.52         ,1      
"AT0000A2EHX5","EB DBK TL07       ","        ","2020/11/09",14.57          ,8.65     ,13.41          ,5.48           ,14.94          ,0            ,.00                ,"2020/07/15","E","2","F",.00            ,.00            ,13.73          ,1      
"AT0000A2KPQ9","EB DBK TL08       ","        ","2020/11/09",10.73          ,12.36    ,9.55           ,7.89           ,10.73          ,0            ,.00                ,"1900/01/01","E","2","F",.00            ,.00            ,9.87           ,1      
"AT0000A1QPJ3","EB DBK TS03       ","        ","2020/11/09",23.27          ,-6.13    ,24.79          ,19.64          ,37.36          ,0            ,.00                ,"2020/05/06","E","2","F",.00            ,.00            ,24.29          ,1      
"AT0000A2KPR7","EB DBK TS07       ","        ","2020/11/09",2.49           ,-33.60   ,3.75           ,2.49           ,5.76           ,8300         ,23410.00           ,"2020/11/09","E","2","F",2.70           ,3.45           ,3.37           ,1      
"AT0000A2J4P3","EB EGB TL10       ","        ","2020/11/09",14.89          ,84.74    ,8.06           ,5.96           ,15.55          ,17300        ,213040.00          ,"2020/11/09","E","2","F",9.52           ,14.55          ,8.70           ,1      
"AT0000A19L56","EB EGB TL5        ","        ","2020/11/09",23.24          ,41.36    ,16.44          ,10.36          ,59.45          ,9964         ,212433.54          ,"2020/11/09","E","2","F",19.59          ,22.86          ,17.06          ,1      
"AT0000A20BZ8","EB EGB TS09       ","        ","2020/11/09",59.99          ,-10.77   ,67.23          ,21.63          ,79.52          ,0            ,.00                ,"2020/02/04","E","2","F",.00            ,.00            ,66.27          ,1      
"AT0000A27YU6","EB EGB TS10       ","        ","2020/11/09",44.80          ,-13.76   ,51.95          ,7.05           ,63.31          ,0            ,.00                ,"2020/06/12","E","2","F",.00            ,.00            ,51.07          ,1      
"AT0000A2J4Q1","EB EGB TS12       ","        ","2020/11/09",24.32          ,-22.47   ,31.37          ,24.32          ,34.70          ,0            ,.00                ,"1900/01/01","E","2","F",.00            ,.00            ,30.58          ,1      
"AT0000A2EHS5","EB EURCZK TS15    ","        ","2020/11/09",25.75          ,5.75     ,24.35          ,14.30          ,30.44          ,0            ,.00                ,"2020/10/20","E","2","F",.00            ,.00            ,25.42          ,1      
"AT0000A2EHT3","EB EURCZK TS16    ","        ","2020/11/09",17.78          ,8.41     ,16.40          ,6.52           ,22.47          ,0            ,.00                ,"2020/11/06","E","2","F",.00            ,.00            ,17.46          ,1      
"AT0000A2GLB8","EB EURUSD TL03    ","        ","2020/11/09",27.52          ,-1.15    ,27.84          ,11.96          ,29.44          ,0            ,.00                ,"2020/08/20","E","2","F",.00            ,.00            ,28.10          ,1      
"AT0000A2GLC6","EB GBPCZK TS06    ","        ","2020/11/09",27.44          ,1.78     ,26.96          ,18.79          ,34.87          ,0            ,.00                ,"1900/01/01","E","2","F",.00            ,.00            ,27.26          ,1      
"AT0000A16375","EB GLD IC2        ","        ","2020/11/09",4179.83        ,-4.31    ,4368.25        ,3354.43        ,4570.65        ,1            ,4229.92            ,"2020/11/09","E","2","F",4229.92        ,4229.92        ,4379.98        ,1      
"AT0000A2CVW2","EB GLD TL10       ","        ","2020/11/09",1023.20        ,-14.85   ,1201.58        ,375.40         ,1501.70        ,2000         ,2114940.00         ,"2020/11/09","E","2","F",1057.47        ,1057.47        ,1230.49        ,1      
"AT0000A1AVN7","EB GLD TL9        ","        ","2020/11/09",1459.88        ,-10.89   ,1638.20        ,649.70         ,1900.87        ,0            ,.00                ,"2020/07/15","E","2","F",.00            ,.00            ,1663.67        ,1      
"AT0000A2J4S7","EB GOLD TS10      ","        ","2020/11/09",718.47         ,30.07    ,552.36         ,505.31         ,797.10         ,0            ,.00                ,"2020/11/06","E","2","F",.00            ,.00            ,508.85         ,1      
"AT0000A20HM3","EB HENKEL TS01    ","        ","2020/11/09",36.01          ,-25.04   ,48.04          ,36.01          ,123.49         ,0            ,.00                ,"2020/02/24","E","2","F",.00            ,.00            ,44.90          ,1      
"AT0000A2GKE4","EB INFINEON TL03  ","        ","2020/11/09",41.99          ,3.88     ,40.42          ,21.58          ,46.04          ,0            ,.00                ,"1900/01/01","E","2","F",.00            ,.00            ,41.44          ,1      
"AT0000A2GLX2","EB KOM BC04       ","        ","2020/11/09",996.03         ,3.76     ,959.93         ,922.67         ,1023.79        ,0            ,.00                ,"2020/10/14","E","2","F",.00            ,.00            ,969.14         ,1      
"AT0000A2EHW7","EB KOM TL09       ","        ","2020/11/09",14.89          ,32.83    ,11.21          ,9.28           ,23.50          ,0            ,.00                ,"2020/11/05","E","2","F",.00            ,.00            ,11.99          ,1      
"AT0000A23G73","EB KOM TS03       ","        ","2020/11/09",49.90          ,-7.01    ,53.66          ,20.83          ,57.05          ,0            ,.00                ,"2020/02/05","E","2","F",.00            ,.00            ,53.05          ,1      
"AT0000A28EC4","EB LHA TS02       ","        ","2020/11/09",32.07          ,-13.42   ,37.04          ,11.10          ,40.00          ,0            ,.00                ,"2020/03/26","E","2","F",.00            ,.00            ,36.29          ,1      
"AT0000A2GKF1","EB LUFTHANSA TL03 ","        ","2020/11/09",12.72          ,59.20    ,7.99           ,6.74           ,20.49          ,1630         ,19755.60           ,"2020/11/09","E","2","F",12.12          ,12.12          ,8.53           ,1      
"AT0000A2KPS5","EB LUFTHANSA TS03 ","        ","2020/11/09",3.04           ,-61.32   ,7.86           ,3.04           ,8.86           ,0            ,.00                ,"1900/01/01","E","2","F",.00            ,.00            ,7.24           ,1      
"AT0000A2EMN6","EB MONET TL04     ","        ","2020/11/09",21.41          ,20.01    ,17.84          ,11.21          ,23.17          ,12210        ,257832.10          ,"2020/11/09","E","2","F",21.01          ,21.21          ,18.11          ,1      
"AT0000A2CE70","EB MONET TS03     ","        ","2020/11/09",43.84          ,-7.71    ,47.50          ,17.55          ,55.50          ,0            ,.00                ,"2020/03/23","E","2","F",.00            ,.00            ,47.24          ,1      
"AT0000A2BZT1","EB OMV TS03       ","        ","2020/11/09",88.98          ,-7.98    ,96.70          ,25.12          ,115.77         ,0            ,.00                ,"2020/07/30","E","2","F",.00            ,.00            ,95.94          ,1      
"AT0000A2GLK9","EB OMV TS04       ","        ","2020/11/09",44.42          ,-14.40   ,51.89          ,19.20          ,57.43          ,0            ,.00                ,"1900/01/01","E","2","F",.00            ,.00            ,51.30          ,1      
"AT0000A1NAX3","EB O2 TL02        ","        ","2020/11/09",10.53          ,1.45     ,10.38          ,6.49           ,10.66          ,0            ,.00                ,"2020/08/06","E","2","F",.00            ,.00            ,10.48          ,1      
"AT0000A2CE54","EB O2 TL03        ","        ","2020/11/09",6.25           ,2.29     ,6.11           ,2.41           ,6.39           ,0            ,.00                ,"2020/06/25","E","2","F",.00            ,.00            ,6.20           ,1      
"AT0000A2CE88","EB O2 TS02        ","        ","2020/11/09",4.72           ,-5.41    ,4.99           ,4.66           ,9.35           ,0            ,.00                ,"2020/03/19","E","2","F",.00            ,.00            ,4.77           ,1      
"AT0000A2EMQ9","EB RBI TL03       ","        ","2020/11/09",18.16          ,43.67    ,12.64          ,11.00          ,28.58          ,0            ,.00                ,"2020/06/11","E","2","F",.00            ,.00            ,13.31          ,1      
"AT0000A20HP6","EB RBI TS02       ","        ","2020/11/09",46.57          ,-10.97   ,52.31          ,26.47          ,59.78          ,0            ,.00                ,"2018/08/08","E","2","F",.00            ,.00            ,51.46          ,1      
"AT0000A28CE4","EB RBI TS03       ","        ","2020/11/09",26.31          ,-17.63   ,31.94          ,6.68           ,38.47          ,0            ,.00                ,"2020/06/25","E","2","F",.00            ,.00            ,31.17          ,1      
"AT0000A1PUW8","EB RWE TL01       ","        ","2020/11/09",71.27          ,-.56     ,71.67          ,35.38          ,75.57          ,0            ,.00                ,"2020/04/27","E","2","F",.00            ,.00            ,74.11          ,1      
"AT0000A20HH3","EB SAP TL01       ","        ","2020/11/09",57.51          ,8.61     ,52.95          ,27.41          ,171.83         ,4920         ,288702.00          ,"2020/11/09","E","2","F",58.40          ,59.02          ,56.23          ,1      
"AT0000A2KPT3","EB SAP TS03       ","        ","2020/11/09",173.08         ,-3.36    ,179.09         ,173.08         ,201.44         ,0            ,.00                ,"1900/01/01","E","2","F",.00            ,.00            ,174.53         ,1      
"AT0000A20DM2","EB SIL IC02       ","        ","2020/11/09",540.23         ,-5.18    ,569.76         ,302.24         ,653.47         ,0            ,.00                ,"2020/09/24","E","2","F",.00            ,.00            ,576.89         ,1      
"AT0000A2GLE2","EB SILVER TL08    ","        ","2020/11/09",251.63         ,-10.16   ,280.08         ,112.33         ,372.64         ,0            ,.00                ,"2020/09/29","E","2","F",.00            ,.00            ,288.26         ,1      
"AT0000A2J4T5","EB SILVER TS09    ","        ","2020/11/09",170.40         ,18.03    ,144.37         ,98.30          ,218.89         ,0            ,.00                ,"1900/01/01","E","2","F",.00            ,.00            ,133.20         ,1      
"AT0000A2BZL8","EB USDCZK TL08    ","        ","2020/11/09",9.99           ,-9.67    ,11.06          ,5.02           ,42.47          ,0            ,.00                ,"2020/09/18","E","2","F",.00            ,.00            ,9.78           ,1      
"AT0000A2GLD4","EB USDCZK TS14    ","        ","2020/11/09",43.21          ,2.51     ,42.15          ,25.79          ,48.43          ,0            ,.00                ,"2020/10/20","E","2","F",.00            ,.00            ,43.41          ,1      
"AT0000A1KU14","EB VIG TL02       ","        ","2020/11/09",20.39          ,17.52    ,17.35          ,6.37           ,36.71          ,0            ,.00                ,"2020/11/02","E","2","F",.00            ,.00            ,17.80          ,1      
"AT0000A2EMR7","EB VOW TL04       ","        ","2020/11/09",197.48         ,14.43    ,172.58         ,111.86         ,210.06         ,80           ,15306.40           ,"2020/11/09","E","2","F",191.33         ,191.33         ,177.24         ,1      
"AT0000A2BSS8","EB VOW TS04       ","        ","2020/11/09",119.19         ,-18.34   ,145.95         ,33.34          ,318.08         ,0            ,.00                ,"2020/09/30","E","2","F",.00            ,.00            ,139.67         ,1      
"AT0000A20DN0","EB WTI IC03       ","        ","2020/11/09",621.12         ,8.00     ,575.10         ,229.60         ,1410.50        ,581          ,352519.81          ,"2020/11/09","E","2","F",605.57         ,614.01         ,575.18         ,1      
"AT0000A2GKA2","EB WTI TL19       ","        ","2020/11/09",568.42         ,13.87    ,499.20         ,455.21         ,639.62         ,0            ,.00                ,"2020/11/03","E","2","F",.00            ,.00            ,501.09         ,1      
"AT0000A2GLF9","EB WTI TL20       ","        ","2020/11/09",455.26         ,18.06    ,385.61         ,349.98         ,527.94         ,193          ,77148.97           ,"2020/11/09","E","2","F",392.69         ,403.15         ,388.08         ,1      
"AT0000A2J4R9","EB WTI TL21       ","        ","2020/11/09",252.00         ,38.77    ,181.59         ,137.88         ,276.51         ,1240         ,290634.40          ,"2020/11/09","E","2","F",232.66         ,250.51         ,185.09         ,1      
"AT0000A21BC5","EB WTI TS12       ","        ","2020/11/09",1142.16        ,-6.40    ,1220.21        ,491.90         ,1986.01        ,0            ,.00                ,"2019/05/23","E","2","F",.00            ,.00            ,1207.20        ,1      
"AT0000A27YQ4","EB WTI TS14       ","        ","2020/11/09",939.30         ,-7.58    ,1016.36        ,281.67         ,1753.43        ,0            ,.00                ,"2020/02/03","E","2","F",.00            ,.00            ,1004.62        ,1      
"AT0000A2BSQ2","EB WTI TS15       ","        ","2020/11/09",805.45         ,-8.66    ,881.84         ,142.95         ,1599.97        ,0            ,.00                ,"2020/03/24","E","2","F",.00            ,.00            ,870.94         ,1      
"AT0000A2J4U3","EB WTI TS19       ","        ","2020/11/09",237.62         ,-22.01   ,304.67         ,219.75         ,369.03         ,850          ,203888.75          ,"2020/11/09","E","2","F",234.77         ,243.33         ,297.36         ,1      
"AT0000A163C4","EB WTI TS7        ","        ","2020/11/09",1879.16        ,-4.17    ,1960.85        ,1255.72        ,2831.00        ,0            ,.00                ,"2014/10/01","E","2","F",.00            ,.00            ,1943.22        ,1      
"AT0000A19LB0","EB WTI TS8        ","        ","2020/11/09",1695.11        ,-4.55    ,1775.88        ,1064.97        ,2619.98        ,0            ,.00                ,"2018/11/09","E","2","F",.00            ,.00            ,1759.41        ,1      
"CZ0000000104","EIB 0,00/23       ","BDDEIB  ","2020/11/09",40.98          ,.00      ,40.98          ,40.98          ,40.98          ,0            ,.00                ,"2011/11/04","U","2","O",.00            ,.00            ,.00            ,1      
"CZ0009009718","EMAN              ","BAAEMAN ","2020/11/09",63.00          ,.00      ,63.00          ,60.00          ,63.00          ,0            ,.00                ,"2020/10/09","U","2","M",.00            ,.00            ,.00            ,500    
"CS0008419750","ENERGOAQUA        ","BAAENRGA","2020/11/09",2560.00        ,.00      ,2560.00        ,2200.00        ,2560.00        ,0            ,.00                ,"2020/11/05","T","2","F",.00            ,.00            ,.00            ,1      
"CZ0003527749","EN.-PRO GF 6,50/23","BDAENEPS","2020/11/09",101.00         ,.00      ,101.00         ,100.00         ,101.00         ,2136         ,21493873.36        ,"2020/11/09","T","2","F",100.00         ,102.00         ,100.00         ,1      
"DE000ENAG999","E.ON              ","BAAEOAN ","2020/11/09",242.80         ,.00      ,242.80         ,218.20         ,280.10         ,0            ,.00                ,"2020/11/04","T","2","M",.00            ,.00            ,.00            ,1      
"CZ0003519407","EPH VAR/22        ","BDCEPHFI","2020/11/09",100.00         ,.00      ,100.00         ,100.00         ,100.00         ,0            ,.00                ,"1900/01/01","U","2","F",.00            ,.00            ,.00            ,1      
"CZ0003524464","EPH 4,50/25       ","BDDEPHFI","2020/11/09",98.51          ,.00      ,98.51          ,98.00          ,100.50         ,0            ,.00                ,"2020/11/06","T","2","F",.00            ,.00            ,.00            ,1      
"CZ0003704595","EQUA BANK VAR/27  ","BDBICBA ","2020/11/09",100.00         ,.00      ,100.00         ,100.00         ,100.00         ,0            ,.00                ,"1900/01/01","U","2","F",.00            ,.00            ,.00            ,1      
"CZ0003704900","EQUA BANK 4,06/29 ","BDDICBA ","2020/11/09",100.00         ,.00      ,100.00         ,100.00         ,100.00         ,0            ,.00                ,"1900/01/01","U","2","F",.00            ,.00            ,.00            ,1      
"AT0000652011","ERSTE GROUP BANK  ","BAAERBAG","2020/11/09",545.00         ,12.60    ,484.00         ,430.00         ,885.00         ,918891       ,478751516.10       ,"2020/11/09","T","2","O",484.50         ,547.60         ,487.50         ,1      
"CZ0003517724","EUC VAR/22        ","BDAEUC  ","2020/11/09",100.00         ,.00      ,100.00         ,100.00         ,100.00         ,0            ,.00                ,"1900/01/01","U","2","F",.00            ,.00            ,.00            ,1      
"CZ0005123620","E4U               ","BAAEFORU","2020/11/09",94.00          ,.00      ,94.00          ,92.00          ,102.00         ,1150         ,108100.00          ,"2020/11/09","T","2","F",94.00          ,94.00          ,94.00          ,1      
"AT00000FACC2","FACC              ","        ","2020/11/09",151.40         ,.00      ,151.40         ,126.10         ,535.00         ,0            ,.00                ,"2020/11/05","T","2","M",.00            ,.00            ,.00            ,1      
"CZ0003520850","FIDUR.NMV. 5,60/24","BDAFIDNE","2020/11/09",101.00         ,.00      ,101.00         ,98.00          ,103.90         ,0            ,.00                ,"2020/10/19","T","2","F",.00            ,.00            ,.00            ,1      
"CZ0009007027","FILLAMENTUM       ","BAAFILLA","2020/11/09",855.00         ,.00      ,855.00         ,855.00         ,855.00         ,0            ,.00                ,"2019/07/10","U","2","M",.00            ,.00            ,.00            ,300    
"CZ0003519092","FINEP HLB 5,00/23 ","BDAFINHL","2020/11/09",101.00         ,.00      ,101.00         ,96.00          ,105.50         ,0            ,.00                ,"2020/10/21","T","2","F",.00            ,.00            ,.00            ,1      
"CZ0008041886","FOCUS IFPZK       ","BAAFOCIN","2020/11/09",2655000.00     ,.00      ,2655000.00     ,1981000.00     ,2660500.00     ,0            ,.00                ,"2018/12/19","U","2","F",.00            ,.00            ,.00            ,1      
"CZ0003513608","HB REAVIS VAR/21  ","BDAHBREA","2020/11/09",100.50         ,.00      ,100.50         ,100.50         ,100.50         ,0            ,.00                ,"2019/05/22","U","2","F",.00            ,.00            ,.00            ,1      
"NL0000009165","HEINEKEN          ","        ","2020/11/09",2050.00        ,.00      ,2050.00        ,1910.00        ,2600.00        ,0            ,.00                ,"2020/09/07","T","2","M",.00            ,.00            ,.00            ,1      
"CZ0003523920","HEUREKA 5,25/25   ","BDAHEUFI","2020/11/09",100.00         ,.00      ,100.00         ,98.00          ,101.00         ,0            ,.00                ,"2020/11/06","T","2","F",.00            ,.00            ,.00            ,1      
"CZ0001500110","HL.M.PRAHA 4,25/21","BDCHLMPH","2020/11/09",99.60          ,.00      ,99.60          ,99.60          ,99.60          ,0            ,.00                ,"2017/07/21","U","2","F",.00            ,.00            ,.00            ,1      
"CZ0002001407","HZL ÈS VAR/22     ","BOHCSPO ","2020/11/09",100.00         ,.00      ,100.00         ,100.00         ,100.00         ,0            ,.00                ,"1900/01/01","U","2","F",.00            ,.00            ,.00            ,1      
"CZ0002001191","HZL ÈS VAR/22     ","BOBCSPO ","2020/11/09",100.00         ,.00      ,100.00         ,100.00         ,100.00         ,0            ,.00                ,"1900/01/01","U","2","F",.00            ,.00            ,.00            ,1      
"CZ0002001415","HZL ÈS 6,15/23    ","BOGCSPO ","2020/11/09",117.48         ,.00      ,117.48         ,117.48         ,117.48         ,0            ,.00                ,"2012/05/17","U","2","F",.00            ,.00            ,.00            ,1      
"CZ0002006893","HZL EQUA B.1,65/25","BDEICBA ","2020/11/09",100.00         ,.00      ,100.00         ,100.00         ,100.00         ,0            ,.00                ,"1900/01/01","U","2","F",.00            ,.00            ,.00            ,1      
"CZ0002005804","HZL EQUA B.2,22/21","BDCICBA ","2020/11/09",99.16          ,.00      ,99.16          ,99.16          ,99.16          ,0            ,.00                ,"1900/01/01","U","2","F",.00            ,.00            ,.00            ,1      
"CZ0002005275","HZL HB VAR/22     ","BONREGI ","2020/11/09",100.00         ,.00      ,100.00         ,100.00         ,100.00         ,0            ,.00                ,"2017/11/29","U","2","F",.00            ,.00            ,.00            ,1      
"CZ0002006000","HZL HB VAR/23     ","BOOREGI ","2020/11/09",100.00         ,.00      ,100.00         ,100.00         ,100.00         ,0            ,.00                ,"1900/01/01","U","2","F",.00            ,.00            ,.00            ,1      
"CZ0002001720","HZL HB VAR/37     ","BOIREGI ","2020/11/09",116.50         ,.00      ,116.50         ,116.50         ,116.50         ,0            ,.00                ,"2017/12/19","U","2","F",.00            ,.00            ,.00            ,1      
"CZ0002001183","HZL HB VAR/37     ","BOEREGI ","2020/11/09",116.79         ,.00      ,116.79         ,116.79         ,116.79         ,0            ,.00                ,"2017/09/11","U","2","F",.00            ,.00            ,.00            ,1      
"CZ0002001266","HZL HB VAR/37     ","BOFREGI ","2020/11/09",115.33         ,.00      ,115.33         ,115.33         ,115.33         ,0            ,.00                ,"2016/10/24","U","2","F",.00            ,.00            ,.00            ,1      
"CZ0002001308","HZL HB VAR/37     ","BOGREGI ","2020/11/09",116.71         ,.00      ,116.71         ,116.71         ,116.71         ,0            ,.00                ,"2017/11/14","U","2","F",.00            ,.00            ,.00            ,1      
"CZ0002001712","HZL HB VAR/37     ","BOHREGI ","2020/11/09",115.18         ,.00      ,115.18         ,115.18         ,115.18         ,0            ,.00                ,"2016/12/19","U","2","F",.00            ,.00            ,.00            ,1      
"CZ0002000680","HZL HVB 5,00/25   ","BDFVERBA","2020/11/09",113.00         ,.00      ,113.00         ,113.00         ,113.00         ,0            ,.00                ,"2015/10/08","U","2","F",.00            ,.00            ,.00            ,1      
"CZ0002002801","HZL KB 2,55/22    ","BOKKOMB ","2020/11/09",100.00         ,.00      ,100.00         ,100.00         ,100.00         ,0            ,.00                ,"1900/01/01","U","2","F",.00            ,.00            ,.00            ,1      
"CZ0002001910","HZL UCB VAR/37    ","BDGVERBA","2020/11/09",117.19         ,.00      ,117.19         ,117.19         ,117.19         ,0            ,.00                ,"2017/12/14","U","2","F",.00            ,.00            ,.00            ,1      
"CZ0002003114","HZL UCB 3,04/28   ","BDJVERBA","2020/11/09",100.00         ,.00      ,100.00         ,100.00         ,100.00         ,0            ,.00                ,"1900/01/01","U","2","F",.00            ,.00            ,.00            ,1      
"CZ0002006034","HZL WHB VAR/22    ","BOQWUHYB","2020/11/09",100.15         ,.00      ,100.15         ,100.15         ,100.15         ,0            ,.00                ,"1900/01/01","U","2","F",.00            ,.00            ,.00            ,1      
"CZ0002005689","HZL WHB VAR/23    ","BONWUHYB","2020/11/09",100.00         ,.00      ,100.00         ,100.00         ,100.00         ,0            ,.00                ,"1900/01/01","U","2","F",.00            ,.00            ,.00            ,1      
"CZ0002004492","HZL WHB 1,24/22   ","BODWUHYB","2020/11/09",100.00         ,.00      ,100.00         ,100.00         ,100.00         ,0            ,.00                ,"1900/01/01","U","2","F",.00            ,.00            ,.00            ,1      
"CZ0002005564","HZL WHB 1,72/23   ","BOMWUHYB","2020/11/09",100.00         ,.00      ,100.00         ,100.00         ,100.00         ,0            ,.00                ,"1900/01/01","U","2","F",.00            ,.00            ,.00            ,1      
"CZ0002002736","HZL WHB 4,30/20   ","BDTWUHYB","2020/11/09",100.00         ,.00      ,100.00         ,100.00         ,100.00         ,0            ,.00                ,"2017/12/21","U","2","F",.00            ,.00            ,.00            ,1      
"CZ0008042405","IAA FQI IFPZK     ","BAAFQITR","2020/11/09",12300.00       ,.00      ,12300.00       ,11500.00       ,12300.00       ,0            ,.00                ,"1900/01/01","U","2","F",.00            ,.00            ,.00            ,1      
"CZ0008041407","IFIS IF           ","BAAIFIIN","2020/11/09",422500.00      ,.00      ,422500.00      ,422500.00      ,459000.00      ,0            ,.00                ,"2017/11/16","U","2","F",.00            ,.00            ,.00            ,1      
"AT0000A20F36","IIB VAR/21        ","BDAIIB  ","2020/11/09",100.25         ,.00      ,100.25         ,100.25         ,100.25         ,0            ,.00                ,"1900/01/01","U","2","F",.00            ,.00            ,.00            ,1      
"CZ0008042744","II PODF. ZMJ SICAV","BABZMJSI","2020/11/09",1060.00        ,.00      ,1060.00        ,1000.00        ,1060.00        ,0            ,.00                ,"1900/01/01","U","2","F",.00            ,.00            ,.00            ,1      
"AT0000A21KS2","IMMOFINANZ        ","        ","2020/11/09",53.50          ,.00      ,53.50          ,53.50          ,53.50          ,0            ,.00                ,"1900/01/01","T","2","M",.00            ,.00            ,.00            ,1      
"CZ0008042751","INFOND IFPZK TØ. B","BABINFIF","2020/11/09",1080.00        ,.00      ,1080.00        ,1000.00        ,1080.00        ,0            ,.00                ,"2019/09/27","U","2","F",.00            ,.00            ,.00            ,1      
"CZ0003704249","J&T BANKA 10% PERP","BDAPODBA","2020/11/09",104.00         ,.97      ,103.00         ,95.10          ,108.48         ,2            ,208000.00          ,"2020/11/09","U","2","F",104.00         ,104.00         ,104.00         ,1      
"CZ0003704421","J&T BK III 9% PERP","BDCPODBA","2020/11/09",100.00         ,.00      ,100.00         ,100.00         ,100.00         ,0            ,.00                ,"1900/01/01","U","2","F",.00            ,.00            ,.00            ,1      
"CZ0003704413","J&T BK II 9% PERP ","BDBPODBA","2020/11/09",104.00         ,.00      ,104.00         ,94.00          ,107.99         ,0            ,.00                ,"2020/10/07","U","2","F",.00            ,.00            ,.00            ,1      
"CZ0003518649","JTEF CZKII 5,25/25","BDAJTEII","2020/11/09",98.00          ,.00      ,98.00          ,90.00          ,100.00         ,0            ,.00                ,"2020/11/05","T","2","F",.00            ,.00            ,.00            ,1      
"CZ0003518631","JTEF CZKI 5,00/23 ","BDAJTEI ","2020/11/09",98.00          ,.00      ,98.00          ,90.15          ,100.50         ,0            ,.00                ,"2020/11/04","T","2","F",.00            ,.00            ,.00            ,1      
"CZ0003519944","J&T E.F.C. 4,75/21","BDAJTENE","2020/11/09",101.00         ,.00      ,101.00         ,96.80          ,106.00         ,0            ,.00                ,"2020/10/09","T","2","F",.00            ,.00            ,.00            ,1      
"CZ0003522419","J&T EF IV 5,60/22 ","BDAJTENF","2020/11/09",100.49         ,.00      ,100.49         ,95.01          ,101.48         ,0            ,.00                ,"2020/10/29","T","2","F",.00            ,.00            ,.00            ,1      
"CZ0003516882","JTFG VIII 4,00/22 ","BDAJTGLQ","2020/11/09",99.01          ,.00      ,99.01          ,96.00          ,101.00         ,0            ,.00                ,"2020/10/19","T","2","F",.00            ,.00            ,.00            ,1      
"CZ0003520447","JTFG X 4,75/24    ","BDAJTGLR","2020/11/09",99.60          ,.00      ,99.60          ,96.00          ,102.00         ,0            ,.00                ,"2020/11/03","T","2","F",.00            ,.00            ,.00            ,1      
"CZ0003527657","J&T FG 7,5% PERP  ","BDBJTFIN","2020/11/09",103.50         ,.00      ,103.50         ,100.04         ,103.50         ,0            ,.00                ,"2020/11/06","U","2","F",.00            ,.00            ,.00            ,1      
"CZ0003520793","JTRE FIN.3 0,00/24","BDAJTRFI","2020/11/09",76.95          ,.00      ,76.95          ,70.00          ,77.90          ,0            ,.00                ,"2020/11/06","T","2","F",.00            ,.00            ,.00            ,1      
"CZ0000001094","JTSEC 5,00/23     ","BDBJTSML","2020/11/09",100.50         ,.00      ,100.50         ,88.00          ,102.00         ,0            ,.00                ,"2020/10/21","T","2","F",.00            ,.00            ,.00            ,1      
"IT0000336518","JUVENTUS F.C.     ","        ","2020/11/09",20.81          ,.00      ,20.81          ,18.82          ,37.54          ,0            ,.00                ,"2020/11/02","T","2","M",.00            ,.00            ,.00            ,1      
"CZ0009008819","KARO INVEST       ","BAAKARIN","2020/11/09",49.60          ,.00      ,49.60          ,43.00          ,51.00          ,0            ,.00                ,"2020/08/26","U","2","M",.00            ,.00            ,.00            ,2000   
"PLKGHM000017","KGHM POLSKA-MIEDZ ","        ","2020/11/09",528.60         ,.00      ,528.60         ,431.00         ,532.80         ,0            ,.00                ,"2020/06/25","T","2","M",.00            ,.00            ,.00            ,1      
"CZ0009000121","KOFOLA ÈS         ","BABKOFOL","2020/11/09",219.00         ,1.39     ,216.00         ,197.00         ,292.00         ,7659         ,1661367.00         ,"2020/11/09","T","2","F",214.00         ,221.00         ,216.00         ,1      
"CZ0008019106","KOMERÈNÍ BANKA    ","BAAKOMB ","2020/11/09",527.00         ,7.55     ,490.00         ,465.00         ,835.00         ,378292       ,195196428.50       ,"2020/11/09","T","2","O",486.00         ,530.00         ,499.00         ,1      
"CZ0000001086","LIB. O. M. 5,30/23","BDALIBON","2020/11/09",98.50          ,.00      ,98.50          ,88.30          ,101.50         ,0            ,.00                ,"2020/11/06","T","2","F",.00            ,.00            ,.00            ,1      
"CZ0008042009","LUCROS IFPZK      ","BAALUCRO","2020/11/09",49400.00       ,.00      ,49400.00       ,43800.00       ,49400.00       ,0            ,.00                ,"2020/06/26","U","2","F",.00            ,.00            ,.00            ,1      
"CZ0008042272","MALOJA SICAV      ","BAAMALSI","2020/11/09",995.00         ,.00      ,995.00         ,995.00         ,1060.00        ,0            ,.00                ,"1900/01/01","U","2","F",.00            ,.00            ,.00            ,1      
"CZ0008042793","MIXED A MKP SICAV ","BAAMKPSI","2020/11/09",955.00         ,.00      ,955.00         ,930.00         ,960.00         ,0            ,.00                ,"1900/01/01","U","2","F",.00            ,.00            ,.00            ,1      
"CZ0003517708","MND VAR/22        ","BDAMNDAS","2020/11/09",100.00         ,.00      ,100.00         ,100.00         ,100.00         ,0            ,.00                ,"2017/12/27","U","2","F",.00            ,.00            ,.00            ,1      
"HU0000153937","MOL               ","        ","2020/11/09",126.00         ,1.61     ,124.00         ,115.60         ,235.00         ,600          ,75615.00           ,"2020/11/09","T","2","M",126.00         ,126.50         ,126.00         ,1      
"CZ0003705188","MONETA MB VAR/30  ","BDBGECBA","2020/11/09",100.00         ,.00      ,100.00         ,100.00         ,100.00         ,0            ,.00                ,"1900/01/01","U","2","F",.00            ,.00            ,.00            ,1      
"CZ0003704918","MONETA MB 3,30/29 ","BDAGECBA","2020/11/09",100.00         ,.00      ,100.00         ,100.00         ,100.00         ,0            ,.00                ,"1900/01/01","U","2","F",.00            ,.00            ,.00            ,1      
"CZ0008040318","MONETA MONEY BANK ","BAAGECBA","2020/11/09",59.30          ,6.27     ,55.80          ,48.75          ,86.90          ,2722009      ,159112440.20       ,"2020/11/09","T","2","O",55.50          ,60.00          ,55.80          ,1      
"LU0514695690","MSCI China UCITS  ","        ","2020/11/09",421.40         ,.00      ,421.40         ,421.40         ,421.40         ,0            ,.00                ,"2018/07/03","T","2","F",.00            ,.00            ,.00            ,1      
"CZ0008042801","NATLAND IFPZK PIA ","BABPRVRE","2020/11/09",145.00         ,.00      ,145.00         ,137.00         ,145.00         ,0            ,.00                ,"2018/04/27","U","2","F",.00            ,.00            ,.00            ,1      
"CZ0003521643","NATLAND R. 5,47/24","BDAPRVRE","2020/11/09",100.00         ,.00      ,100.00         ,98.00          ,102.99         ,210          ,2094894.67         ,"2020/11/09","T","2","F",100.00         ,100.00         ,100.00         ,1      
"CZ0003519472","NET4GAS 2,75/25   ","BDANETGA","2020/11/09",99.95          ,.00      ,99.95          ,99.95          ,99.95          ,0            ,.00                ,"1900/01/01","U","2","F",.00            ,.00            ,.00            ,1      
"FI0009000681","NOKIA             ","        ","2020/11/09",83.00          ,4.67     ,79.30          ,58.00          ,112.40         ,1830         ,151708.50          ,"2020/11/09","T","2","M",81.00          ,83.90          ,81.00          ,1      
"CZ0003524795","NUPEH CZ 5,90/25  ","BDANUPCZ","2020/11/09",100.00         ,.00      ,100.00         ,100.00         ,100.00         ,5            ,50090.14           ,"2020/11/09","T","2","F",100.00         ,100.00         ,100.00         ,1      
"AT0000743059","OMV               ","        ","2020/11/09",625.00         ,15.96    ,539.00         ,511.20         ,1346.00        ,350          ,218750.00          ,"2020/11/09","T","2","M",625.00         ,625.00         ,625.00         ,1      
"HU0000061726","OTP BANK          ","        ","2020/11/09",777.00         ,.00      ,777.00         ,651.00         ,850.00         ,0            ,.00                ,"2020/09/10","T","2","M",.00            ,.00            ,.00            ,1      
"CZ0008041860","OUTULNÝ IFPZK     ","BAAOUTIF","2020/11/09",6200.00        ,.00      ,6200.00        ,6200.00        ,6200.00        ,0            ,.00                ,"2017/12/05","U","2","F",.00            ,.00            ,.00            ,1      
"CZ0009093209","O2 C.R.           ","BAATELEC","2020/11/09",226.00         ,1.35     ,223.00         ,206.50         ,238.50         ,85935        ,19351219.00        ,"2020/11/09","T","2","O",224.00         ,226.00         ,225.50         ,1      
"LU0275164910","PFNONWOVENS       ","BAAPEGAS","2020/11/09",766.00         ,.52      ,762.00         ,494.00         ,790.00         ,2179         ,1670142.00         ,"2020/11/09","T","2","O",764.00         ,772.00         ,764.00         ,1      
"CS0008418869","PHILIP MORRIS ÈR  ","BAATABAK","2020/11/09",13640.00       ,-1.16    ,13800.00       ,12100.00       ,15540.00       ,1243         ,17073740.00        ,"2020/11/09","T","2","F",13600.00       ,13800.00       ,13600.00       ,1      
"NL0010391108","PHOTON ENERGY     ","BAAPEN  ","2020/11/09",79.00          ,1.28     ,78.00          ,27.00          ,112.00         ,1106         ,85729.00           ,"2020/11/09","T","2","M",77.00          ,79.00          ,77.00          ,1      
"CZ0000000815","PHOTON EN. 6,00/23","BDAPEN  ","2020/11/09",100.00         ,.00      ,100.00         ,100.00         ,100.00         ,0            ,.00                ,"2020/10/19","U","2","M",.00            ,.00            ,.00            ,1      
"CZ0008042470","PILSENINVEST SICAV","BAAPILSE","2020/11/09",695.00         ,.00      ,695.00         ,695.00         ,830.00         ,0            ,.00                ,"1900/01/01","U","2","F",.00            ,.00            ,.00            ,1      
"CZ0009009874","PILULKA LÉKÁRNY   ","BAAPILLE","2020/11/09",600.00         ,2.56     ,585.00         ,500.00         ,600.00         ,5920         ,3552000.00         ,"2020/11/09","U","2","M",600.00         ,600.00         ,600.00         ,80     
"PLPKN0000018","PKN Orlen         ","        ","2020/11/09",264.00         ,13.45    ,232.70         ,225.90         ,631.20         ,614          ,149113.20          ,"2020/11/09","T","2","M",238.60         ,264.00         ,238.60         ,1      
"PLPKO0000016","PKO BANK POLSKI   ","        ","2020/11/09",132.10         ,19.01    ,111.00         ,110.00         ,239.00         ,512          ,67635.20           ,"2020/11/09","T","2","M",132.10         ,132.10         ,132.10         ,1      
"CZ0000001011","PPF FIN.H. VAR/27 ","BDAPPFFH","2020/11/09",95.49          ,.00      ,95.49          ,94.00          ,103.50         ,0            ,.00                ,"2020/11/02","U","2","F",.00            ,.00            ,.00            ,1      
"CZ0005131318","PRABOS PLUS       ","BAAPRAPM","2020/11/09",400.00         ,.00      ,400.00         ,354.00         ,412.00         ,0            ,.00                ,"2020/09/09","U","2","M",.00            ,.00            ,.00            ,125    
"CZ0008041837","PRAGORENT PIA     ","BAAPRAIF","2020/11/09",1.54           ,.00      ,1.54           ,1.49           ,1.55           ,0            ,.00                ,"2020/10/15","U","2","F",.00            ,.00            ,.00            ,1      
"CZ0005135970","PRIMOCO UAV SE    ","BAAPRIUA","2020/11/09",240.00         ,.00      ,240.00         ,240.00         ,250.00         ,0            ,.00                ,"2020/08/10","U","2","M",.00            ,.00            ,.00            ,500    
"CZ0003515934","PSG 5,25/23       ","BDAPASFI","2020/11/09",100.00         ,.00      ,100.00         ,93.00          ,103.49         ,0            ,.00                ,"2020/11/02","T","2","F",.00            ,.00            ,.00            ,1      
"AT0000606306","RBI               ","        ","2020/11/09",335.20         ,.00      ,335.20         ,331.30         ,585.20         ,0            ,.00                ,"2020/10/30","T","2","M",.00            ,.00            ,.00            ,1      
"CZ0003518565","RED THIRT. 4,80/22","BDAREDTH","2020/11/09",100.00         ,.00      ,100.00         ,100.00         ,100.00         ,0            ,.00                ,"1900/01/01","U","2","F",.00            ,.00            ,.00            ,1      
"CZ0003522203","REGIOJET F. VAR/24","BDAREGFI","2020/11/09",91.00          ,.00      ,91.00          ,91.00          ,100.00         ,0            ,.00                ,"2020/06/18","U","2","F",.00            ,.00            ,.00            ,1      
"CS0008416251","RMS MEZZANINE     ","BAAPVT  ","2020/11/09",.65            ,.00      ,.65            ,.50            ,.90            ,0            ,.00                ,"2020/11/06","T","2","F",.00            ,.00            ,.00            ,1      
"CZ0003521023","ROHLIK FIN.6,60/23","BDAROHCZ","2020/11/09",105.50         ,.00      ,105.50         ,96.00          ,105.50         ,0            ,.00                ,"2020/11/03","T","2","F",.00            ,.00            ,.00            ,1      
"CZ0003521692","RSBC INV. 4,716/24","BDARSBIN","2020/11/09",100.00         ,.00      ,100.00         ,100.00         ,100.00         ,0            ,.00                ,"1900/01/01","U","2","F",.00            ,.00            ,.00            ,1      
"CZ0003517864","RSREINV I 5,00/22 ","BDARSRIN","2020/11/09",100.00         ,.00      ,100.00         ,100.00         ,100.00         ,0            ,.00                ,"1900/01/01","U","2","F",.00            ,.00            ,.00            ,1      
"DE0007037129","RWE               ","        ","2020/11/09",901.90         ,.00      ,901.90         ,609.60         ,901.90         ,0            ,.00                ,"2020/10/06","T","2","M",.00            ,.00            ,.00            ,1      
"CZ0008041514","SAFETY REAL IFPZK ","BAASAFRE","2020/11/09",5800.00        ,.00      ,5800.00        ,5800.00        ,5900.00        ,0            ,.00                ,"1900/01/01","U","2","F",.00            ,.00            ,.00            ,1      
"CZ0003522930","SAZKA GR. 5,20/24 ","BDASAZGR","2020/11/09",103.50         ,.00      ,103.50         ,94.00          ,104.00         ,0            ,.00                ,"2020/11/05","T","2","F",.00            ,.00            ,.00            ,1      
"CZ0000700976","SD K15 4,20/21    ","CAOSTDL ","2020/11/09",100.00         ,.00      ,100.00         ,100.00         ,100.00         ,0            ,.00                ,"2010/03/02","U","2","F",.00            ,.00            ,.00            ,1      
"CZ0000701453","SD K15 4,70/22    ","CDOSTDL ","2020/11/09",100.00         ,.00      ,100.00         ,100.00         ,100.00         ,0            ,.00                ,"1900/01/01","U","2","F",.00            ,.00            ,.00            ,1      
"CZ0000701610","SD K15 4,85/22    ","CEOSTDL ","2020/11/09",100.00         ,.00      ,100.00         ,100.00         ,100.00         ,0            ,.00                ,"2011/12/22","U","2","F",.00            ,.00            ,.00            ,1      
"CZ0000700984","SD K16 4,20/22    ","CAPSTDL ","2020/11/09",100.00         ,.00      ,100.00         ,100.00         ,100.00         ,0            ,.00                ,"2010/03/02","U","2","F",.00            ,.00            ,.00            ,1      
"CZ0000701628","SD K16 4,85/23    ","CEPSTDL ","2020/11/09",100.00         ,.00      ,100.00         ,100.00         ,100.00         ,0            ,.00                ,"2011/12/22","U","2","F",.00            ,.00            ,.00            ,1      
"CZ0000700992","SD K17 4,20/23    ","CAQSTDL ","2020/11/09",100.00         ,.00      ,100.00         ,100.00         ,100.00         ,0            ,.00                ,"1900/01/01","U","2","F",.00            ,.00            ,.00            ,1      
"CZ0000701636","SD K17 4,85/24    ","CEQSTDL ","2020/11/09",100.00         ,.00      ,100.00         ,100.00         ,100.00         ,0            ,.00                ,"2011/12/22","U","2","F",.00            ,.00            ,.00            ,1      
"CZ0000701008","SD K18 4,20/24    ","CARSTDL ","2020/11/09",100.00         ,.00      ,100.00         ,100.00         ,100.00         ,0            ,.00                ,"1900/01/01","U","2","F",.00            ,.00            ,.00            ,1      
"GB00B03MLX29","SHELL             ","        ","2020/11/09",315.00         ,4.30     ,302.00         ,276.00         ,702.80         ,75           ,23625.00           ,"2020/11/09","T","2","M",315.00         ,315.00         ,315.00         ,1      
"SE0000113250","SKANSKA           ","        ","2020/11/09",506.60         ,11.05    ,456.20         ,420.00         ,550.00         ,134          ,68272.00           ,"2020/11/09","T","2","M",455.00         ,513.00         ,455.00         ,1      
"CZ0003512824","SMVAK OVA 2,625/22","BDBVOKAO","2020/11/09",99.71          ,.00      ,99.71          ,99.71          ,99.71          ,0            ,.00                ,"2017/12/14","U","2","F",.00            ,.00            ,.00            ,1      
"CZ0008042645","SPILBERK IFPZK    ","BAASPIIF","2020/11/09",1.43           ,.00      ,1.43           ,1.29           ,1.43           ,0            ,.00                ,"1900/01/01","U","2","F",.00            ,.00            ,.00            ,1      
"IE00B5BMR087","S&P 500 UCITS ETF ","        ","2020/11/09",7450.00        ,.00      ,7450.00        ,6374.00        ,7450.00        ,0            ,.00                ,"2020/07/27","T","2","F",.00            ,.00            ,.00            ,1      
"CZ0001003123","ST.DLUHOP. VAR/23 ","BCOSTDL ","2020/11/09",101.92         ,.00      ,101.92         ,101.92         ,101.92         ,0            ,.00                ,"2017/12/28","U","2","O",.00            ,.00            ,.00            ,1      
"CZ0001004105","ST.DLUHOP. VAR/27 ","BEJSTDL ","2020/11/09",97.55          ,.00      ,97.55          ,97.55          ,97.55          ,0            ,.00                ,"2017/12/22","U","2","O",.00            ,.00            ,.00            ,1      
"CZ0001005029","ST.DLUHOP. 0,00/22","BGASTDL ","2020/11/09",100.00         ,.00      ,100.00         ,100.00         ,100.00         ,0            ,.00                ,"2017/12/28","U","2","O",.00            ,.00            ,.00            ,1      
"CZ0001006043","ST.DLUHOP. 0,00/27","BHCSTDL ","2020/11/09",100.10         ,.00      ,100.10         ,100.10         ,100.10         ,0            ,.00                ,"1900/01/01","U","2","O",.00            ,.00            ,.00            ,1      
"CZ0001006076","ST.DLUHOP. 0,05/29","BHDSTDL ","2020/11/09",91.93          ,.00      ,91.93          ,91.93          ,91.93          ,0            ,.00                ,"1900/01/01","U","2","O",.00            ,.00            ,.00            ,1      
"CZ0001005946","ST.DLUHOP. 0,10/22","BGZSTDL ","2020/11/09",98.64          ,.00      ,98.64          ,98.64          ,98.64          ,0            ,.00                ,"1900/01/01","U","2","O",.00            ,.00            ,.00            ,1      
"CZ0001005037","ST.DLUHOP. 0,25/27","BGBSTDL ","2020/11/09",96.81          ,.00      ,96.81          ,96.81          ,96.81          ,0            ,.00                ,"2017/12/28","U","2","O",.00            ,.00            ,.00            ,1      
"CZ0001004600","ST.DLUHOP. 0,45/23","BEWSTDL ","2020/11/09",100.90         ,.00      ,100.90         ,100.90         ,100.90         ,0            ,.00                ,"2017/12/28","U","2","O",.00            ,.00            ,.00            ,1      
"CZ0001005367","ST.DLUHOP. 0,75/21","BGDSTDL ","2020/11/09",99.55          ,.00      ,99.55          ,99.55          ,99.55          ,0            ,.00                ,"1900/01/01","U","2","O",.00            ,.00            ,.00            ,1      
"CZ0001004477","ST.DLUHOP. 0,95/30","BEUSTDL ","2020/11/09",95.66          ,.00      ,95.66          ,95.66          ,95.66          ,0            ,.00                ,"2017/12/22","U","2","O",.00            ,.00            ,.00            ,1      
"CZ0001004469","ST.DLUHOP. 1,00/26","BETSTDL ","2020/11/09",96.19          ,.00      ,96.19          ,96.19          ,96.19          ,0            ,.00                ,"2017/12/28","U","2","O",.00            ,.00            ,.00            ,1      
"CZ0001005888","ST.DLUHOP. 1,20/31","BGUSTDL ","2020/11/09",101.65         ,.00      ,101.65         ,101.65         ,101.65         ,0            ,.00                ,"1900/01/01","U","2","O",.00            ,.00            ,.00            ,1      
"CZ0001005870","ST.DLUHOP. 1,25/25","BGTSTDL ","2020/11/09",98.73          ,.00      ,98.73          ,98.73          ,98.73          ,0            ,.00                ,"1900/01/01","U","2","O",.00            ,.00            ,.00            ,1      
"CZ0001005920","ST.DLUHOP. 1,50/40","BGYSTDL ","2020/11/09",95.93          ,.00      ,95.93          ,95.93          ,95.93          ,0            ,.00                ,"1900/01/01","U","2","O",.00            ,.00            ,.00            ,1      
"CZ0001005243","ST.DLUHOP. 2,00/33","BGCSTDL ","2020/11/09",102.50         ,.00      ,102.50         ,102.50         ,102.50         ,0            ,.00                ,"2017/12/22","U","2","O",.00            ,.00            ,.00            ,1      
"CZ0001004253","ST.DLUHOP. 2,40/25","BEQSTDL ","2020/11/09",99.37          ,.00      ,99.37          ,99.37          ,99.37          ,0            ,.00                ,"2017/12/28","U","2","O",.00            ,.00            ,.00            ,1      
"CZ0001003859","ST.DLUHOP. 2,50/28","BEDSTDL ","2020/11/09",95.88          ,.00      ,95.88          ,95.88          ,95.88          ,0            ,.00                ,"2017/12/28","U","2","O",.00            ,.00            ,.00            ,1      
"CZ0001005375","ST.DLUHOP. 2,75/29","BGESTDL ","2020/11/09",107.24         ,.00      ,107.24         ,107.24         ,107.24         ,0            ,.00                ,"1900/01/01","U","2","O",.00            ,.00            ,.00            ,1      
"CZ0001002851","ST.DLUHOP. 3,85/21","BCMSTDL ","2020/11/09",100.33         ,.00      ,100.33         ,100.33         ,100.33         ,0            ,.00                ,"2018/01/02","U","2","O",.00            ,.00            ,.00            ,1      
"CZ0001001796","ST.DLUHOP. 4,20/36","BCASTDL ","2020/11/09",99.61          ,.00      ,99.61          ,99.61          ,99.61          ,0            ,.00                ,"2017/12/28","U","2","O",.00            ,.00            ,.00            ,1      
"CZ0001001945","ST.DLUHOP. 4,70/22","BCDSTDL ","2020/11/09",95.00          ,.00      ,95.00          ,95.00          ,95.00          ,0            ,.00                ,"2017/12/20","U","2","O",.00            ,.00            ,.00            ,1      
"CZ0001002059","ST.DLUHOP. 4,85/57","BCESTDL ","2020/11/09",100.00         ,.00      ,100.00         ,100.00         ,100.00         ,0            ,.00                ,"2017/12/11","U","2","O",.00            ,.00            ,.00            ,1      
"CZ0001002547","ST.DLUHOP. 5,70/24","BCJSTDL ","2020/11/09",103.99         ,.00      ,103.99         ,103.99         ,103.99         ,0            ,.00                ,"2017/12/21","U","2","O",.00            ,.00            ,.00            ,1      
"CZ0008042876","STING TØ. B SICAV ","BABSTIIF","2020/11/09",965.00         ,.00      ,965.00         ,965.00         ,1050.00        ,0            ,.00                ,"2018/07/23","U","2","F",.00            ,.00            ,.00            ,1      
"GB00BF5SDZ96","STOCK             ","BAASTOCK","2020/11/09",69.30          ,2.82     ,67.40          ,40.00          ,75.10          ,25494        ,1766781.40         ,"2020/11/09","T","2","M",67.00          ,70.70          ,67.40          ,1      
"CZ0003517732","TEPL. OTR. VAR/23 ","BDBTPLOR","2020/11/09",100.00         ,.00      ,100.00         ,100.00         ,100.00         ,0            ,.00                ,"1900/01/01","U","2","F",.00            ,.00            ,.00            ,1      
"CZ0008041449","TISORFOND IFPZK   ","BAATISIN","2020/11/09",6.35           ,.00      ,6.35           ,5.60           ,6.35           ,0            ,.00                ,"1900/01/01","U","2","F",.00            ,.00            ,.00            ,1      
"SK1120010287","TMR               ","BAATMR  ","2020/11/09",930.00         ,.00      ,930.00         ,760.00         ,1010.00        ,0            ,.00                ,"2020/11/05","T","2","O",.00            ,.00            ,.00            ,1      
"CZ0003520116","TMR F. CR 4,50/22 ","BDATMRFI","2020/11/09",99.00          ,3.11     ,96.01          ,92.00          ,103.00         ,5            ,148575.00          ,"2020/11/09","T","2","F",99.00          ,99.00          ,99.00          ,1      
"CZ0005088559","TOMA              ","BAATOMA ","2020/11/09",1240.00        ,.00      ,1240.00        ,1180.00        ,1250.00        ,0            ,.00                ,"2020/11/04","T","2","F",.00            ,.00            ,.00            ,1      
"CZ0008042975","TOURB. INV.SICAV A","BAATOUIN","2020/11/09",392.00         ,.00      ,392.00         ,372.00         ,450.00         ,0            ,.00                ,"1900/01/01","U","2","F",.00            ,.00            ,.00            ,1      
"CZ0003520678","TRIANON 3,273/23  ","BDBTRIBP","2020/11/09",100.00         ,.00      ,100.00         ,100.00         ,100.00         ,0            ,.00                ,"1900/01/01","U","2","F",.00            ,.00            ,.00            ,1      
"CZ0003518078","TRIGEMA REF VAR/20","BDATRIRE","2020/11/09",99.85          ,.00      ,99.85          ,99.85          ,99.85          ,0            ,.00                ,"2017/12/15","U","2","F",.00            ,.00            ,.00            ,1      
"CZ0003520603","TRIGEMA REF5,10/23","BDBTRIRE","2020/11/09",100.00         ,.00      ,100.00         ,100.00         ,100.00         ,0            ,.00                ,"1900/01/01","U","2","F",.00            ,.00            ,.00            ,1      
"CZ0003523268","UCINV III 6,50/26 ","BDAUNIIO","2020/11/09",100.00         ,.00      ,100.00         ,100.00         ,100.00         ,0            ,.00                ,"1900/01/01","U","2","F",.00            ,.00            ,.00            ,1      
"CZ0009007571","UDI CEE           ","BAAUDICE","2020/11/09",525.00         ,.00      ,525.00         ,478.00         ,525.00         ,0            ,.00                ,"2020/07/29","U","2","M",.00            ,.00            ,.00            ,587    
"CZ0003516080","UNICAP.INV. 4,0/22","BDCUNIIN","2020/11/09",100.00         ,.00      ,100.00         ,100.00         ,100.00         ,0            ,.00                ,"2017/05/04","U","2","F",.00            ,.00            ,.00            ,1      
"CZ0003516072","UNICAP.INV. 4,0/22","BDBUNIIN","2020/11/09",100.00         ,.00      ,100.00         ,100.00         ,100.00         ,0            ,.00                ,"2017/03/13","U","2","F",.00            ,.00            ,.00            ,1      
"GB00B10RZP78","UNILEVER          ","        ","2020/11/09",1360.00        ,.00      ,1360.00        ,1248.00        ,1428.00        ,0            ,.00                ,"2020/09/09","T","2","M",.00            ,.00            ,.00            ,1      
"CZ0008041555","UNIMEX GROUP UIF  ","BAAUNIGS","2020/11/09",781500.00      ,.00      ,781500.00      ,770000.00      ,781500.00      ,0            ,.00                ,"2019/10/25","U","2","F",.00            ,.00            ,.00            ,1      
"AT0000821103","UNIQA INS         ","        ","2020/11/09",141.90         ,8.49     ,130.80         ,130.80         ,225.00         ,150          ,21285.00           ,"2020/11/09","T","2","M",141.90         ,141.90         ,141.90         ,1      
"AT0000746409","VERBUND           ","        ","2020/11/09",1190.00        ,.00      ,1190.00        ,706.00         ,1190.00        ,0            ,.00                ,"2020/07/16","T","2","M",.00            ,.00            ,.00            ,1      
"BE0003878957","VGP               ","BAAVGP  ","2020/11/09",2010.00        ,.00      ,2010.00        ,1580.00        ,2010.00        ,0            ,.00                ,"2020/09/22","T","2","O",.00            ,.00            ,.00            ,1      
"AT0000908504","VIG               ","BAAVIG  ","2020/11/09",496.00         ,5.26     ,471.20         ,385.80         ,660.00         ,12970        ,6323973.00         ,"2020/11/09","T","2","O",474.00         ,498.20         ,478.40         ,1      
"CZ0008043569","VIHOREV.CAP. SICAV","BAAVIHCA","2020/11/09",1.11           ,.00      ,1.11           ,1.07           ,1.11           ,0            ,.00                ,"1900/01/01","U","2","F",.00            ,.00            ,.00            ,1      
"AT0000937503","VOESTALPINE       ","        ","2020/11/09",484.60         ,.00      ,484.60         ,484.60         ,638.20         ,0            ,.00                ,"2020/07/30","T","2","M",.00            ,.00            ,.00            ,1      
"DE0007664039","VOLKSWAGEN        ","        ","2020/11/09",4000.00        ,.00      ,4000.00        ,2549.00        ,4560.00        ,0            ,.00                ,"2020/09/18","T","2","M",.00            ,.00            ,.00            ,1      
"SE0000115446","VOLVO             ","        ","2020/11/09",489.00         ,.00      ,489.00         ,266.50         ,489.00         ,10           ,4890.00            ,"2020/11/09","T","2","M",489.00         ,489.00         ,489.00         ,1      
"CZ0008042355","WF GROUP SICAV    ","BAAPATTR","2020/11/09",307500.00      ,.00      ,307500.00      ,192000.00      ,307500.00      ,0            ,.00                ,"2018/09/18","U","2","F",.00            ,.00            ,.00            ,1      
"AT0000831706","WIENERBERGER      ","        ","2020/11/09",440.40         ,.00      ,440.40         ,440.40         ,518.50         ,0            ,.00                ,"2020/04/15","T","2","M",.00            ,.00            ,.00            ,1      
